8	90	11
56	64	11
132	152	11
19	28	11
32	220	11
36	120	11
69	91	11
1	232	11
42	57	11
7	219	11
110	204	11
12	117	11
23	59	11
91	130	11
60	202	11
51	52	11
18	234	11
110	211	11
130	140	11
12	116	11
4	79	11
185	216	11
47	100	11
63	225	11
51	54	11
214	244	11
36	133	11
30	163	11
101	217	11
58	136	11
2	37	11
32	161	11
22	161	11
36	138	11
109	132	11
41	48	11
55	217	11
30	230	11
12	152	11
68	125	11
109	223	11
19	55	11
30	219	11
58	63	11
110	114	11
19	43	11
47	161	11
78	94	11
22	234	11
110	136	11
68	241	11
136	231	11
214	228	11
214	230	11
110	137	11
50	228	11
1	187	11
60	78	11
9	79	11
14	113	11
30	106	11
202	230	11
24	64	11
136	221	11
60	69	11
136	217	11
14	156	11
42	121	11
46	155	11
69	228	11
9	116	11
9	117	11
161	220	11
12	61	11
33	80	11
46	145	11
151	215	11
33	94	11
161	237	11
148	241	11
100	214	11
12	48	11
112	237	11
77	109	11
63	146	11
151	241	11
63	156	11
4	229	11
69	144	11
4	110	11
1	156	11
47	91	11
23	214	11
59	165	11
4	130	11
4	133	11
63	208	11
42	66	11
4	157	11
4	160	11
108	243	11
60	76	11
18	165	11
101	139	11
30	133	11
36	78	11
40	231	11
47	60	11
56	164	11
40	230	11
36	77	11
46	242	11
9	98	11
64	169	11
47	80	11
67	245	11
19	97	11
19	117	11
54	204	11
20	103	11
65	195	11
105	136	11
21	90	11
31	88	11
49	109	11
132	229	11
209	225	11
20	90	11
32	70	11
54	211	11
64	100	11
49	97	11
108	110	11
59	146	11
8	35	11
65	216	11
20	79	11
54	91	11
65	245	11
31	80	11
8	230	11
49	91	11
21	140	11
21	85	11
105	196	11
64	105	11
13	137	11
13	91	11
205	223	11
205	226	11
31	242	11
31	243	11
49	220	11
31	219	11
54	137	11
41	138	11
107	138	11
58	96	11
157	237	11
89	174	11
31	215	11
20	225	11
8	76	11
31	202	11
107	216	11
8	144	11
41	159	11
2	240	11
8	53	11
65	107	11
105	223	11
21	68	11
105	220	11
20	234	11
30	70	11
204	232	11
20	57	11
209	245	11
48	107	11
31	37	11
41	242	11
48	72	11
108	211	11
67	200	11
159	230	11
19	189	11
22	58	11
185	224	11
210	214	11
48	58	11
103	140	11
80	140	11
88	110	11
64	73	11
88	109	11
188	209	11
22	93	11
19	146	11
103	136	11
188	227	11
80	174	11
41	58	11
19	216	11
19	225	11
36	148	11
55	81	11
60	98	11
54	88	11
38	44	11
2	123	11
2	120	11
50	108	11
3	155	11
66	185	11
31	64	11
108	124	11
31	61	11
108	131	11
8	231	11
12	225	11
21	224	11
21	244	11
38	62	11
50	114	11
50	121	11
88	133	11
204	229	11
89	243	11
103	221	11
103	216	11
90	96	11
64	80	11
78	199	11
30	65	11
87	136	11
223	229	11
200	219	11
29	192	11
95	96	11
73	170	11
11	217	11
0	148	11
34	79	11
123	201	11
0	145	11
52	56	11
52	67	11
140	204	11
26	120	11
93	161	11
97	132	11
26	129	11
34	85	11
45	105	11
34	158	11
11	87	11
84	202	11
95	161	11
11	225	11
26	58	11
15	37	11
73	133	11
62	216	11
95	200	11
73	231	11
227	231	11
10	204	11
17	94	11
34	151	11
17	89	11
38	224	11
35	42	11
11	234	11
0	178	11
117	216	11
35	117	11
38	230	11
29	199	11
51	236	11
61	148	11
43	101	11
38	244	11
43	214	11
73	218	11
16	65	11
40	92	11
94	132	11
27	94	11
53	117	11
120	244	11
27	52	11
44	101	11
27	53	11
96	225	11
61	128	11
96	221	11
11	117	11
11	98	11
16	54	11
57	78	11
10	174	11
94	221	11
62	109	11
40	93	11
44	132	11
10	77	11
34	98	11
26	155	11
27	129	11
27	109	11
91	226	11
16	237	11
16	217	11
45	46	11
62	91	11
27	133	11
35	81	11
93	223	11
93	230	11
52	112	11
44	209	11
26	219	11
34	137	11
83	131	11
93	244	11
10	242	11
10	26	11
84	210	11
169	182	11
34	224	11
85	199	11
17	230	11
28	188	11
115	125	11
125	155	11
71	245	11
61	63	11
6	152	11
81	216	11
100	133	11
6	144	11
28	101	11
221	236	11
25	36	11
42	138	11
114	140	11
140	209	11
15	195	11
11	65	11
34	245	11
46	73	11
81	200	11
92	151	11
28	43	11
46	65	11
163	205	11
43	52	11
25	98	11
14	225	11
140	236	11
114	202	11
63	72	11
5	128	11
73	232	11
17	129	11
40	45	11
233	237	11
60	237	11
17	161	11
6	217	11
26	45	11
46	49	11
43	82	11
40	60	11
6	208	11
51	221	11
92	202	11
96	121	11
53	87	11
53	65	11
115	230	11
124	241	11
76	229	11
51	218	11
97	221	11
17	208	11
91	227	11
115	206	11
133	202	11
61	72	11
33	211	11
54	159	12
32	114	12
6	216	12
6	92	12
130	137	12
76	101	12
96	189	12
15	151	12
20	232	12
32	120	12
6	166	12
32	125	12
107	159	12
15	135	12
132	137	12
66	202	12
35	70	12
41	155	12
185	245	12
32	87	12
36	228	12
32	77	12
13	144	12
20	109	12
140	205	12
15	115	12
35	43	12
41	215	12
89	110	12
20	105	12
6	87	12
35	36	12
42	218	12
89	101	12
3	99	12
105	107	12
49	130	12
15	239	12
20	65	12
54	202	12
41	220	12
49	66	12
140	230	12
66	73	12
8	74	12
73	223	12
41	186	12
15	168	12
20	138	12
6	115	12
3	123	12
78	215	12
20	130	12
49	133	12
15	240	12
43	185	12
59	140	12
46	108	12
19	111	12
13	230	12
33	215	12
4	231	12
46	67	12
77	92	12
77	88	12
97	245	12
77	151	12
7	72	12
14	85	12
146	243	12
73	97	12
202	231	12
35	179	12
7	170	12
4	174	12
92	185	12
101	157	12
60	77	12
46	59	12
18	206	12
36	85	12
69	136	12
92	226	12
32	244	12
17	245	12
32	231	12
18	128	12
59	242	12
33	100	12
100	211	12
46	118	12
77	108	12
14	216	12
77	112	12
100	226	12
18	66	12
70	245	12
72	82	12
14	165	12
18	125	12
33	147	12
33	174	12
69	234	12
36	43	12
100	112	12
42	137	12
36	48	12
46	71	12
101	115	12
147	201	12
60	70	12
59	244	12
14	163	12
13	229	12
93	100	12
101	199	12
36	140	12
55	201	12
16	243	12
19	98	12
67	241	12
16	215	12
35	95	12
19	157	12
34	103	12
3	239	12
15	70	12
78	144	12
16	112	12
16	70	12
32	140	12
19	220	12
44	107	12
204	224	12
32	130	12
94	136	12
103	230	12
34	124	12
34	129	12
3	170	12
16	100	12
45	242	12
97	124	12
19	69	12
17	118	12
35	146	12
76	205	12
14	58	12
91	114	12
69	96	12
69	93	12
36	112	12
45	223	12
17	85	12
133	210	12
47	210	12
5	191	12
73	159	12
42	53	12
76	140	12
5	208	12
4	39	12
47	188	12
47	199	12
73	191	12
19	61	12
56	219	12
203	209	12
35	107	12
205	220	12
11	44	12
108	226	12
12	95	12
216	243	12
9	87	12
209	244	12
2	81	12
52	80	12
11	195	12
25	39	12
26	150	12
215	226	12
9	165	12
26	135	12
88	115	12
2	72	12
2	68	12
26	124	12
53	164	12
40	109	12
28	214	12
159	241	12
25	62	12
114	204	12
59	131	12
185	225	12
108	202	12
159	215	12
80	103	12
21	203	12
118	230	12
12	239	12
31	62	12
136	194	12
31	55	12
88	146	12
25	28	12
29	113	12
41	80	12
80	109	12
22	25	12
130	204	12
63	189	12
31	48	12
130	202	12
53	223	12
61	105	12
11	138	12
22	35	12
118	236	12
26	114	12
1	160	12
29	231	12
185	199	12
211	244	12
30	179	12
116	200	12
214	216	12
12	138	12
80	210	12
12	115	12
1	239	12
25	204	12
29	244	12
38	91	12
110	227	12
9	217	12
23	36	12
1	225	12
59	103	12
1	208	12
30	37	12
23	56	12
221	240	12
0	155	12
211	242	12
22	218	12
9	239	12
219	241	12
38	227	12
219	245	12
108	245	12
109	114	12
215	221	12
38	159	12
50	221	12
40	118	12
26	81	12
211	215	12
41	45	12
136	236	12
26	72	12
9	56	12
38	223	12
109	228	12
58	245	12
25	161	12
86	200	12
9	58	12
120	161	12
10	80	12
1	109	12
24	168	12
30	103	12
49	233	12
161	209	12
30	79	12
8	156	12
53	64	12
24	216	12
64	128	12
0	37	12
58	107	12
53	61	12
31	237	12
53	209	12
107	228	12
2	219	12
60	218	12
124	185	12
79	136	12
125	245	12
230	237	12
21	43	12
58	97	12
64	155	12
205	231	12
88	229	12
131	140	12
38	140	12
129	243	12
11	48	12
8	114	12
12	58	12
37	61	12
129	136	12
28	65	12
38	113	12
83	217	12
61	212	12
53	67	12
209	216	12
161	214	12
215	242	12
51	159	12
24	65	12
110	210	12
21	115	12
132	218	12
27	140	12
38	109	12
30	115	12
21	165	12
27	157	12
27	91	12
59	94	12
24	46	12
8	226	12
50	89	12
64	101	12
52	237	12
131	218	12
80	230	12
38	157	12
9	92	12
63	168	12
62	76	12
27	199	12
40	64	12
88	210	12
54	92	12
136	228	12
60	108	12
226	236	12
21	131	12
107	236	12
29	64	12
2	158	12
30	117	12
7	68	13
70	136	13
40	203	13
33	230	13
18	55	13
91	214	13
5	37	13
97	237	13
42	146	13
97	230	13
30	57	13
5	67	13
114	133	13
14	220	13
100	218	13
195	201	13
51	161	13
217	219	13
7	81	13
99	201	13
18	67	13
98	241	13
114	136	13
18	71	13
9	170	13
114	226	13
25	90	13
5	82	13
63	92	13
14	234	13
195	241	13
63	105	13
100	110	13
60	226	13
100	138	13
24	159	13
51	118	13
46	125	13
81	116	13
87	101	13
205	221	13
35	177	13
15	225	13
96	139	13
29	52	13
43	136	13
73	229	13
34	199	13
6	58	13
176	216	13
43	209	13
121	210	13
62	88	13
10	237	13
16	28	13
16	29	13
226	230	13
43	219	13
16	38	13
11	113	13
96	217	13
74	201	13
6	85	13
83	225	13
15	217	13
95	245	13
61	214	13
95	241	13
42	245	13
95	217	13
95	216	13
15	127	13
61	241	13
28	52	13
16	58	13
73	245	13
28	34	13
59	89	13
27	244	13
27	228	13
15	116	13
15	208	13
73	236	13
83	146	13
27	225	13
140	223	13
17	226	13
61	135	13
44	77	13
17	52	13
34	64	13
73	144	13
61	87	13
26	85	13
53	101	13
73	130	13
38	221	13
83	87	13
59	229	13
29	233	13
76	209	13
40	159	13
62	225	13
59	234	13
26	37	13
42	152	13
84	242	13
115	185	13
53	167	13
45	202	13
117	245	13
17	41	13
83	239	13
118	227	13
97	101	13
93	237	13
97	112	13
40	103	13
15	65	13
118	199	13
0	119	13
52	209	13
11	146	13
45	78	13
34	94	13
199	243	13
26	138	13
136	157	13
83	115	13
57	121	13
17	31	13
42	129	13
26	195	13
59	189	13
14	131	13
51	110	13
64	76	13
108	205	13
103	159	13
48	216	13
19	221	13
157	159	13
38	66	13
19	231	13
90	132	13
31	41	13
41	73	13
138	140	13
103	228	13
3	168	13
108	140	13
185	232	13
38	47	13
20	35	13
108	117	13
137	151	13
67	105	13
41	226	13
38	139	13
50	151	13
36	135	13
78	108	13
56	61	13
211	227	13
109	130	13
12	159	13
203	237	13
41	53	13
22	129	13
50	211	13
60	136	13
12	168	13
54	66	13
38	76	13
67	222	13
13	245	13
48	56	13
41	60	13
22	64	13
136	245	13
67	216	13
13	226	13
40	239	13
13	220	13
204	230	13
31	115	13
20	146	13
20	165	13
20	195	13
31	157	13
88	242	13
3	55	13
20	220	13
32	47	13
21	61	13
132	234	13
31	205	13
31	209	13
36	229	13
107	127	13
13	43	13
13	65	13
41	132	13
107	139	13
107	140	13
41	157	13
49	239	13
64	115	13
49	245	13
21	161	13
21	138	13
31	72	13
108	112	13
21	117	13
157	204	13
54	215	13
37	217	13
209	230	13
104	217	13
13	157	13
50	60	13
37	201	13
105	185	13
20	115	13
20	118	13
8	199	13
49	121	13
20	129	13
64	107	13
3	74	13
108	115	13
101	221	13
140	237	13
38	97	13
46	209	13
46	212	13
14	61	13
36	95	13
18	119	13
14	65	13
33	36	13
4	93	13
202	221	13
1	110	13
135	148	13
33	39	13
36	50	13
40	233	13
1	166	13
23	204	13
1	157	13
101	144	13
18	158	13
30	118	13
1	120	13
4	139	13
22	233	13
1	66	13
80	229	13
18	195	13
14	79	13
7	189	13
23	242	13
36	70	13
1	144	13
14	92	13
1	206	13
80	236	13
53	205	13
212	217	13
19	37	13
70	79	13
12	131	13
60	140	13
110	202	13
1	236	13
132	224	13
7	120	13
7	113	13
77	234	13
77	223	13
1	228	13
12	120	13
47	108	13
1	224	13
77	215	13
4	65	13
30	186	13
18	106	13
51	109	13
36	227	14
42	216	14
36	242	14
59	202	14
76	80	14
7	158	14
57	237	14
38	108	14
91	209	14
42	232	14
144	185	14
40	224	14
37	216	14
80	91	14
14	151	14
41	101	14
88	211	14
13	152	14
8	188	14
7	152	14
83	208	14
11	85	14
35	243	14
36	226	14
9	156	14
81	136	14
40	52	14
11	61	14
38	137	14
83	151	14
59	87	14
14	218	14
8	168	14
79	83	14
9	152	14
12	65	14
15	120	14
135	146	14
170	241	14
40	62	14
80	234	14
7	166	14
91	101	14
80	93	14
41	76	14
10	27	14
13	236	14
58	214	14
90	185	14
11	156	14
78	163	14
7	206	14
81	201	14
184	201	14
7	208	14
41	236	14
9	206	14
89	227	14
12	208	14
93	136	14
76	136	14
80	161	14
82	216	14
35	97	14
7	56	14
7	55	14
132	144	14
12	156	14
76	221	14
199	202	14
12	146	14
165	201	14
76	243	14
57	136	14
10	40	14
89	226	14
83	138	14
41	88	14
7	168	14
76	93	14
80	221	14
170	200	14
200	217	14
8	223	14
42	69	14
132	139	14
9	85	14
132	140	14
36	159	14
10	47	14
94	215	14
59	69	14
89	199	14
9	166	14
159	200	14
80	215	14
13	224	14
10	101	14
87	217	14
42	64	14
94	101	14
200	208	14
10	51	14
35	72	14
37	245	14
41	243	14
28	220	14
21	189	14
18	116	14
25	202	14
46	182	14
109	124	14
202	226	14
202	228	14
63	240	14
220	223	14
30	48	14
114	211	14
24	229	14
83	170	14
4	221	14
31	73	14
4	219	14
109	236	14
101	133	14
18	137	14
18	156	14
18	166	14
56	72	14
46	166	14
20	124	14
220	243	14
46	148	14
100	103	14
64	185	14
22	84	14
3	37	14
72	200	14
32	128	14
72	105	14
33	112	14
70	217	14
132	231	14
18	82	14
51	226	14
62	230	14
20	224	14
32	43	14
20	216	14
221	237	14
25	237	14
18	98	14
100	230	14
61	68	14
101	103	14
47	85	14
4	146	14
4	129	14
47	237	14
32	93	14
136	220	14
30	160	14
1	87	14
30	116	14
19	165	14
48	87	14
20	43	14
103	146	14
24	43	14
48	223	14
48	241	14
19	229	14
32	112	14
103	214	14
215	223	14
63	159	14
30	146	14
63	191	14
51	76	14
19	72	14
19	53	14
68	155	14
68	201	14
20	121	14
69	151	14
33	44	14
4	95	14
18	232	14
203	204	14
22	245	14
20	85	14
30	89	14
4	69	14
59	243	14
204	234	14
23	52	14
47	112	14
69	92	14
110	226	14
1	61	14
32	218	14
60	205	14
101	220	14
32	210	14
1	64	14
23	31	14
223	226	14
72	196	14
26	65	14
121	185	14
61	145	14
31	101	14
16	37	14
27	97	14
52	217	14
34	130	14
16	61	14
96	228	14
120	243	14
97	100	14
120	242	14
64	81	14
16	160	14
62	97	14
54	100	14
73	91	14
16	209	14
97	117	14
22	41	14
73	199	14
34	159	14
5	219	14
0	55	14
107	231	14
53	96	14
129	204	14
42	234	14
50	92	14
64	95	14
34	231	14
54	77	14
53	81	14
2	116	14
28	243	14
6	124	14
34	225	14
2	189	14
132	156	14
73	233	14
135	223	14
96	128	14
43	105	14
124	236	14
21	217	14
107	233	14
62	77	14
31	40	14
27	54	14
26	228	14
17	159	14
73	118	14
206	242	14
206	241	14
59	228	14
52	78	14
17	210	14
61	101	14
206	214	14
49	223	14
95	243	14
97	228	14
17	227	14
17	244	14
22	66	14
33	237	14
108	216	14
26	105	14
61	96	14
64	72	14
117	209	14
0	191	14
64	157	14
0	123	14
17	144	14
118	135	14
1	118	14
0	116	14
17	110	14
5	189	14
21	35	14
73	151	14
45	204	14
2	67	14
26	220	14
206	243	14
97	216	14
108	118	15
41	42	15
22	36	15
108	229	15
40	242	15
22	70	15
12	151	15
211	232	15
88	124	15
22	97	15
108	230	15
1	233	15
22	60	15
137	144	15
12	170	15
22	244	15
2	95	15
30	215	15
9	70	15
22	236	15
210	242	15
214	245	15
21	228	15
22	108	15
185	229	15
2	48	15
31	45	15
80	108	15
22	228	15
31	51	15
12	229	15
15	131	15
63	170	15
0	99	15
26	231	15
52	188	15
26	225	15
29	118	15
39	54	15
62	133	15
167	245	15
118	136	15
0	147	15
11	216	15
29	188	15
26	110	15
11	220	15
29	203	15
26	94	15
83	98	15
27	46	15
117	200	15
120	201	15
11	105	15
83	166	15
39	209	15
237	244	15
53	73	15
29	31	15
230	236	15
228	243	15
39	136	15
227	242	15
27	218	15
29	45	15
53	55	15
62	78	15
27	161	15
180	212	15
62	93	15
27	87	15
27	85	15
80	227	15
29	229	15
117	135	15
185	206	15
58	200	15
24	124	15
12	56	15
9	124	15
30	91	15
1	58	15
30	95	15
136	215	15
24	94	15
216	219	15
12	70	15
1	72	15
1	79	15
1	91	15
1	95	15
112	118	15
30	87	15
51	227	15
24	152	15
1	48	15
83	92	15
116	201	15
82	245	15
115	214	15
62	236	15
82	105	15
81	241	15
25	245	15
25	199	15
220	242	15
86	201	15
87	95	15
81	146	15
53	185	15
24	234	15
63	113	15
9	146	15
216	220	15
1	37	15
157	230	15
48	96	15
69	101	15
16	199	15
32	229	15
18	233	15
18	224	15
16	202	15
91	109	15
14	70	15
4	215	15
69	204	15
14	90	15
69	214	15
59	226	15
46	220	15
34	87	15
18	130	15
4	59	15
101	210	15
96	245	15
44	205	15
19	237	15
48	245	15
67	196	15
46	56	15
32	227	15
19	133	15
7	239	15
93	242	15
78	100	15
101	218	15
44	220	15
19	25	15
47	244	15
97	159	15
46	219	15
7	135	15
5	81	15
5	151	15
73	92	15
56	200	15
146	209	15
33	226	15
7	86	15
97	243	15
42	139	15
97	242	15
76	226	15
17	223	15
146	217	15
73	114	15
45	243	15
77	100	15
100	131	15
18	68	15
93	108	15
101	114	15
14	144	15
46	167	15
18	111	15
69	237	15
15	48	15
56	176	15
70	107	15
18	86	15
46	122	15
18	85	15
46	107	15
42	135	15
7	95	15
204	228	15
55	65	15
97	217	15
3	165	15
106	220	15
96	133	15
35	37	15
32	52	15
20	203	15
16	89	15
43	107	15
31	217	15
31	216	15
13	60	15
49	230	15
31	185	15
132	230	15
15	152	15
43	132	15
8	178	15
6	138	15
31	100	15
21	86	15
107	230	15
31	91	15
21	98	15
41	100	15
135	201	15
41	95	15
50	66	15
21	111	15
2	170	15
42	233	15
2	166	15
37	116	15
105	241	15
64	236	15
15	95	15
89	136	15
3	120	15
49	90	15
95	136	15
34	157	15
200	234	15
103	237	15
34	140	15
3	113	15
32	68	15
59	218	15
137	226	15
32	62	15
49	54	15
3	151	15
13	130	15
16	42	15
65	83	15
6	70	15
3	148	15
49	137	15
58	83	15
29	144	16
15	138	16
15	79	16
11	152	16
39	78	16
34	234	16
16	101	16
29	140	16
16	23	16
73	230	16
39	77	16
27	43	16
76	107	16
27	221	16
11	131	16
17	32	16
26	226	16
27	226	16
27	227	16
74	107	16
15	113	16
15	206	16
15	170	16
27	69	16
34	195	16
11	137	16
76	159	16
29	139	16
74	83	16
62	108	16
17	100	16
11	144	16
11	58	16
21	195	16
151	234	16
76	230	16
23	245	16
23	237	16
32	105	16
60	100	16
12	113	16
60	204	16
60	138	16
36	221	16
32	72	16
32	69	16
32	54	16
63	239	16
22	174	16
65	81	16
30	231	16
22	113	16
12	189	16
31	70	16
21	216	16
12	224	16
22	23	16
31	105	16
21	70	16
80	223	16
79	118	16
21	28	16
36	237	16
31	245	16
36	230	16
32	33	16
20	231	16
22	57	16
83	124	16
19	245	16
138	200	16
17	211	16
146	241	16
139	205	16
26	95	16
139	202	16
77	91	16
73	76	16
38	214	16
82	217	16
18	84	16
61	70	16
62	242	16
36	40	16
70	83	16
151	226	16
36	53	16
25	59	16
19	87	16
68	97	16
32	216	16
14	46	16
138	201	16
59	110	16
24	35	16
18	219	16
69	137	16
138	221	16
18	186	16
14	94	16
132	220	16
80	97	16
24	139	16
33	66	16
24	103	16
2	111	16
49	114	16
4	91	16
8	245	16
84	136	16
58	135	16
88	89	16
42	54	16
223	245	16
96	129	16
9	131	16
113	200	16
92	110	16
3	68	16
52	245	16
4	121	16
93	204	16
92	107	16
0	81	16
0	219	16
43	72	16
210	244	16
9	115	16
7	156	16
42	115	16
56	83	16
40	97	16
223	228	16
93	133	16
1	55	16
46	82	16
104	216	16
92	241	16
88	112	16
5	239	16
101	211	16
1	94	16
40	174	16
223	243	16
215	243	16
216	242	16
42	93	16
52	214	16
40	140	16
135	186	16
49	53	16
40	129	16
96	157	16
118	209	16
114	210	16
1	82	16
201	219	16
226	234	16
4	41	16
3	116	16
103	243	16
5	86	16
52	242	16
9	151	16
54	59	16
109	159	16
110	215	16
110	234	16
117	217	16
97	107	16
1	140	16
188	204	16
101	236	16
47	215	16
223	237	16
209	229	16
87	216	16
41	135	16
8	108	16
118	132	16
100	236	16
201	240	16
6	156	16
100	227	16
95	242	16
54	113	16
237	242	16
53	132	16
41	245	16
50	62	16
239	241	16
107	224	16
91	118	16
0	192	16
50	52	16
5	166	16
211	243	16
96	231	16
6	131	16
6	43	16
41	118	16
43	61	16
56	63	16
54	168	16
53	176	16
8	60	16
97	204	16
8	139	16
51	144	16
203	242	16
101	130	16
50	234	16
109	241	16
107	168	16
188	244	16
127	201	16
96	230	16
51	130	16
24	44	17
22	76	17
17	214	17
47	123	17
44	185	17
2	61	17
1	85	17
32	202	17
16	78	17
61	117	17
34	110	17
61	115	17
161	188	17
38	92	17
38	80	17
46	60	17
9	61	17
9	65	17
51	89	17
7	111	17
27	39	17
29	103	17
38	100	17
0	240	17
41	107	17
5	56	17
79	223	17
5	206	17
26	158	17
73	157	17
34	69	17
22	199	17
79	146	17
47	62	17
109	200	17
79	117	17
70	223	17
101	118	17
61	83	17
37	53	17
69	215	17
26	48	17
73	137	17
91	146	17
5	170	17
101	109	17
7	217	17
100	243	17
13	94	17
62	202	17
18	121	17
80	89	17
22	157	17
22	140	17
88	114	17
24	41	17
4	54	17
189	241	17
88	140	17
36	51	17
111	201	17
23	29	17
210	232	17
88	159	17
4	87	17
30	120	17
14	115	17
1	106	17
26	111	17
215	237	17
32	242	17
111	200	17
36	62	17
115	200	17
97	135	17
115	201	17
13	140	17
13	139	17
30	236	17
4	117	17
88	243	17
46	95	17
5	120	17
67	201	17
7	92	17
227	244	17
227	243	17
124	230	17
15	81	17
107	113	17
21	146	17
18	44	17
10	50	17
132	236	17
21	157	17
13	233	17
93	214	17
24	224	17
61	95	17
27	210	17
2	131	17
39	47	17
30	61	17
32	53	17
10	19	17
63	124	17
50	100	17
49	118	17
136	174	17
20	114	17
226	237	17
21	210	17
110	205	17
3	86	17
54	151	17
38	233	17
24	130	17
27	231	17
95	201	17
42	224	17
131	200	17
112	231	17
39	211	17
83	216	17
33	210	17
21	54	17
21	52	17
24	144	17
51	137	17
2	239	17
174	204	17
209	221	17
209	218	17
35	48	17
26	89	17
15	166	17
24	137	17
35	56	17
176	217	17
130	132	17
39	110	17
21	110	17
72	241	17
136	199	17
39	101	17
64	186	17
61	200	17
27	230	17
31	59	17
35	96	17
6	64	17
8	28	17
16	40	17
25	51	17
19	218	17
80	244	17
54	74	17
7	70	17
8	31	17
40	215	17
8	32	17
16	43	17
26	131	17
60	215	17
48	61	17
217	241	17
52	204	17
44	50	17
14	229	17
22	45	17
120	200	17
73	221	17
12	87	17
16	67	17
218	223	17
12	94	17
101	245	17
36	202	17
59	112	17
5	72	17
41	221	17
100	108	17
103	209	17
20	28	17
11	231	17
49	94	17
40	112	17
35	101	17
73	228	17
166	200	17
103	241	17
113	241	17
20	64	17
40	133	17
51	100	17
54	237	17
35	136	17
66	69	17
121	129	17
23	42	17
21	226	17
43	217	17
0	165	17
163	185	17
0	68	17
49	76	17
13	109	17
51	97	17
38	209	17
7	48	17
46	63	18
17	108	18
73	129	18
51	60	18
29	221	18
59	230	18
36	115	18
26	69	18
50	244	18
23	202	18
78	93	18
13	53	18
91	132	18
24	60	18
77	80	18
30	56	18
16	32	18
16	27	18
34	133	18
76	204	18
112	188	18
24	230	18
60	223	18
30	93	18
35	185	18
42	203	18
200	206	18
35	64	18
15	85	18
35	63	18
35	61	18
50	54	18
51	114	18
35	41	18
51	133	18
6	225	18
30	76	18
93	243	18
44	49	18
14	231	18
132	223	18
63	218	18
17	90	18
17	88	18
73	140	18
63	216	18
57	210	18
97	148	18
7	151	18
7	144	18
115	223	18
51	215	18
34	86	18
97	118	18
14	124	18
16	211	18
221	223	18
14	159	18
91	204	18
1	90	18
63	151	18
35	245	18
195	200	18
30	43	18
16	73	18
30	44	18
5	165	18
98	200	18
1	41	18
42	45	18
61	136	18
62	100	18
38	130	18
48	200	18
2	86	18
108	157	18
32	117	18
58	241	18
21	230	18
84	243	18
9	216	18
62	94	18
0	67	18
20	53	18
54	234	18
64	79	18
87	108	18
12	85	18
80	228	18
118	214	18
32	221	18
101	216	18
32	217	18
32	215	18
32	205	18
19	54	18
40	130	18
12	124	18
80	214	18
29	97	18
12	105	18
5	98	18
29	92	18
101	244	18
19	93	18
47	204	18
58	122	18
131	241	18
54	226	18
231	243	18
31	214	18
21	105	18
60	107	18
236	237	18
28	73	18
83	218	18
64	118	18
39	202	18
31	108	18
54	127	18
83	159	18
2	208	18
107	234	18
28	209	18
49	221	18
83	229	18
107	157	18
107	152	18
20	84	18
204	236	18
38	234	18
64	91	18
21	208	18
105	200	18
83	127	18
52	220	18
10	18	18
61	155	18
10	30	18
39	59	18
20	218	18
124	223	18
32	38	18
209	236	18
11	170	18
64	70	18
19	79	18
12	218	18
50	210	18
26	199	18
101	174	18
4	108	18
23	32	18
8	118	18
18	65	18
80	88	18
70	241	18
100	202	18
110	151	18
8	184	18
26	157	18
41	185	18
139	185	18
79	200	18
29	157	18
79	108	18
22	221	18
12	216	18
79	96	18
100	237	18
101	110	18
30	217	18
202	203	18
4	97	18
36	217	18
101	140	18
23	33	18
5	92	18
1	221	18
38	60	18
73	84	18
78	174	18
60	80	18
63	229	18
72	217	18
36	216	18
22	112	18
72	216	18
26	210	18
89	202	18
36	245	18
53	136	18
8	36	18
59	157	18
12	232	18
49	231	19
24	97	19
43	56	19
56	245	19
110	113	19
65	200	19
18	57	19
136	188	19
34	57	19
21	94	19
20	245	19
34	174	19
43	166	19
46	135	19
110	237	19
5	168	19
5	113	19
6	103	19
46	72	19
96	117	19
2	147	19
49	163	19
2	138	19
1	139	19
46	87	19
209	237	19
6	118	19
105	245	19
5	48	19
24	113	19
2	195	19
18	94	19
200	229	19
59	237	19
1	76	19
30	97	19
19	108	19
22	53	19
101	161	19
51	69	19
68	115	19
47	93	19
19	65	19
5	217	19
34	118	19
34	114	19
101	230	19
19	48	19
103	135	19
101	223	19
47	137	19
19	35	19
4	43	19
18	225	19
54	69	19
60	131	19
19	23	19
32	226	19
16	216	19
45	73	19
132	226	19
1	97	19
201	217	19
20	69	19
4	199	19
48	53	19
60	221	19
69	226	19
3	135	19
16	17	19
1	70	19
17	80	19
20	45	19
56	105	19
108	146	19
45	205	19
108	159	19
64	83	19
47	69	19
103	185	19
3	219	19
103	157	19
31	43	19
1	130	19
2	85	19
32	154	19
16	45	19
30	108	19
60	73	19
19	195	19
24	53	19
204	223	19
6	35	19
174	202	19
6	137	19
37	65	19
6	218	19
158	201	19
8	129	19
8	45	19
0	158	19
13	228	19
62	214	19
26	70	19
78	88	19
51	228	19
77	242	19
14	43	19
62	221	19
77	226	19
37	166	19
59	159	19
36	80	19
152	200	19
26	43	19
62	223	19
36	61	19
115	155	19
189	201	19
14	138	19
191	201	19
77	110	19
25	136	19
91	228	19
35	223	19
218	221	19
14	57	19
88	214	19
29	133	19
29	114	19
61	216	19
83	168	19
61	223	19
59	78	19
53	72	19
11	90	19
10	210	19
27	229	19
228	236	19
59	97	19
10	23	19
0	48	19
38	228	19
62	80	19
9	225	19
38	211	19
52	216	19
62	112	19
26	230	19
118	223	19
27	31	19
38	93	19
40	232	19
25	42	19
52	202	19
38	114	19
9	138	19
9	144	19
38	151	19
12	43	19
27	80	19
87	103	19
7	58	19
2	217	19
35	82	19
6	224	19
51	140	19
51	157	19
30	60	19
112	244	19
63	85	19
60	231	19
214	223	20
65	116	20
49	110	20
49	108	20
41	216	20
13	76	20
96	118	20
53	107	20
41	209	20
26	115	20
20	66	20
29	161	20
38	242	20
83	85	20
30	211	20
60	64	20
132	133	20
13	118	20
22	242	20
83	103	20
34	233	20
2	115	20
223	230	20
32	35	20
26	52	20
129	205	20
34	52	20
5	156	20
32	48	20
17	199	20
5	138	20
59	236	20
132	228	20
15	58	20
39	51	20
5	111	20
42	52	20
155	245	20
11	163	20
5	95	20
91	100	20
132	163	20
72	245	20
18	109	20
33	204	20
27	93	20
46	214	20
202	215	20
30	245	20
80	112	20
67	219	20
40	227	20
101	215	20
22	46	20
31	35	20
2	56	20
2	79	20
29	89	20
32	159	20
26	244	20
12	140	20
19	91	20
19	89	20
19	88	20
87	241	20
50	188	20
27	38	20
15	189	20
19	64	20
204	215	20
224	241	20
108	204	20
15	94	20
54	89	20
26	140	20
13	44	20
69	202	20
13	31	20
79	241	20
19	242	20
50	226	20
34	229	20
22	133	20
22	224	20
4	114	20
9	139	20
41	81	20
159	223	20
33	40	20
108	237	20
0	117	20
4	90	20
69	110	20
30	88	20
19	210	20
118	185	20
91	136	20
24	245	20
56	241	20
107	226	20
64	102	20
11	70	20
7	115	20
44	47	20
16	50	20
54	136	20
63	64	20
97	157	20
21	53	20
59	227	20
34	109	20
28	77	20
151	201	20
96	163	20
49	234	20
42	133	20
35	105	20
51	214	20
11	94	20
25	30	20
7	165	20
61	201	20
62	243	20
1	137	20
21	89	20
61	81	20
14	139	20
216	241	20
76	214	20
131	201	20
30	105	20
2	168	20
7	98	20
114	185	20
42	110	20
8	88	21
50	130	21
107	221	21
16	205	21
151	185	21
33	59	21
41	83	21
208	241	21
8	113	21
20	41	21
41	91	21
40	59	21
18	114	21
49	226	21
49	60	21
34	230	21
18	148	21
174	237	21
59	93	21
97	115	21
18	129	21
0	127	21
81	166	21
57	96	21
32	118	21
2	98	21
32	124	21
22	226	21
3	158	21
159	185	21
60	101	21
91	140	21
48	201	21
59	88	21
9	105	21
76	100	21
31	34	21
16	35	21
24	220	21
76	228	21
19	38	21
11	46	21
19	41	21
9	94	21
38	88	21
30	59	21
6	44	21
0	95	21
12	109	21
27	41	21
42	188	21
40	236	21
39	204	21
22	118	21
52	160	21
159	236	21
6	229	21
25	93	21
6	53	21
32	243	21
26	211	21
8	80	21
60	132	21
27	77	21
0	111	21
59	133	21
217	223	21
225	241	21
4	80	21
200	216	21
77	93	21
144	200	21
9	109	21
91	237	21
223	242	21
0	86	21
96	220	21
36	243	21
6	234	21
33	242	21
35	83	21
11	159	21
20	174	21
1	217	21
15	229	21
58	61	21
20	157	21
204	244	21
117	201	21
17	40	21
2	117	21
23	51	21
30	203	21
17	36	21
1	121	21
2	113	21
73	188	21
47	208	21
136	203	21
49	140	21
23	101	21
64	245	21
63	224	21
40	91	21
15	56	21
11	121	21
34	54	21
56	216	21
29	234	21
97	209	21
152	241	21
132	233	21
1	133	21
73	121	21
77	204	21
45	220	21
11	139	21
46	53	21
21	158	21
30	174	21
3	56	21
136	216	21
23	136	21
10	33	21
205	215	21
11	218	21
77	136	21
40	234	21
51	244	21
83	105	21
31	56	21
36	204	21
59	214	21
26	28	21
33	109	21
43	46	21
25	242	21
1	230	21
46	101	21
104	105	21
32	80	21
45	136	21
83	109	21
18	58	21
64	88	21
23	39	21
34	188	21
31	82	21
36	205	21
214	236	21
59	225	21
38	215	22
9	224	22
112	209	22
3	138	22
6	220	22
64	87	22
200	224	22
0	72	22
209	242	22
20	233	22
21	227	22
161	204	22
50	80	22
39	237	22
9	90	22
137	185	22
27	88	22
2	70	22
64	214	22
43	55	22
11	124	22
10	34	22
9	229	22
107	245	22
3	92	22
66	132	22
12	46	22
19	227	22
22	33	22
21	46	22
40	54	22
204	227	22
229	241	22
38	243	22
31	49	22
3	81	22
87	96	22
3	95	22
38	210	22
124	200	22
2	87	22
9	137	22
21	245	22
137	200	22
20	199	22
131	221	22
57	73	22
108	136	22
108	132	22
170	201	22
63	97	22
52	243	22
112	227	22
10	17	22
29	60	22
49	139	22
11	109	22
227	237	22
83	156	22
15	124	22
60	97	22
76	132	22
88	237	22
26	133	22
13	90	22
36	100	22
13	66	22
7	195	22
37	46	22
17	69	22
18	120	22
214	227	22
97	185	22
88	227	22
29	159	22
132	199	22
18	37	22
97	136	22
51	211	22
18	138	22
36	60	22
26	159	22
14	121	22
146	200	22
100	215	22
26	54	22
70	201	22
46	70	22
29	211	22
0	189	22
6	94	22
13	231	22
156	200	22
15	61	22
17	237	22
72	201	22
14	35	22
13	221	22
41	217	22
4	25	22
18	56	22
62	204	22
36	215	22
100	136	22
14	41	22
13	163	22
89	114	22
23	28	22
5	148	22
51	242	22
24	236	22
30	41	22
156	241	22
14	137	22
9	43	22
7	79	22
25	60	22
4	72	22
101	226	22
22	91	22
22	77	22
19	46	22
32	204	22
59	124	22
32	228	22
18	174	22
41	63	22
96	174	22
9	35	22
68	245	22
92	200	22
19	36	22
4	61	22
35	217	22
4	84	22
63	152	22
51	209	22
146	216	22
88	209	22
7	117	22
42	124	22
27	40	22
34	161	22
201	206	22
0	120	22
199	205	22
29	137	22
2	58	22
45	53	22
185	220	22
43	216	23
5	131	23
21	69	23
0	195	23
77	243	23
98	201	23
1	81	23
20	188	23
21	91	23
42	215	23
96	199	23
36	118	23
30	77	23
2	146	23
77	237	23
34	236	23
34	89	23
54	132	23
60	209	23
83	140	23
24	239	23
15	43	23
0	217	23
7	87	23
64	209	23
7	85	23
32	49	23
36	101	23
216	245	23
14	53	23
2	152	23
59	80	23
23	209	23
53	63	23
168	201	23
236	241	23
30	51	23
51	62	23
51	108	23
2	156	23
27	245	23
1	226	23
12	236	23
20	46	23
26	229	23
76	103	23
157	241	23
204	221	23
22	223	23
13	54	23
3	156	23
22	214	23
91	96	23
8	174	23
43	65	23
3	234	23
66	241	23
51	112	23
40	223	23
34	218	23
56	82	23
6	133	23
9	159	23
38	59	23
22	31	23
26	161	23
50	215	23
38	39	23
29	151	23
29	66	23
58	186	23
18	228	23
159	201	23
15	159	23
50	214	23
36	236	23
13	108	23
36	157	23
124	159	23
0	170	23
166	201	23
51	230	23
40	108	23
84	185	23
40	110	23
105	153	23
20	97	23
180	245	23
12	130	23
132	245	23
11	224	23
26	217	23
60	62	23
52	73	23
12	90	23
24	223	23
0	138	23
18	81	23
121	132	23
65	241	23
100	140	23
38	89	23
23	27	23
24	66	24
210	211	24
0	98	24
50	199	24
108	209	24
26	236	24
108	214	24
63	245	24
1	223	24
114	237	24
0	184	24
23	77	24
21	211	24
24	109	24
63	109	24
53	245	24
24	228	24
214	237	24
63	103	24
0	135	24
21	118	24
115	245	24
21	236	24
1	54	24
50	110	24
1	105	24
31	46	24
63	66	24
30	64	24
30	223	24
4	227	24
16	34	24
43	53	24
12	144	24
19	77	24
83	94	24
5	115	24
18	115	24
40	157	24
18	189	24
46	198	24
188	242	24
18	131	24
5	144	24
85	200	24
36	214	24
40	69	24
32	58	24
3	131	24
73	108	24
8	52	24
33	214	24
181	245	24
76	97	24
79	103	24
100	223	24
11	229	24
35	53	24
15	87	24
42	221	24
13	110	24
15	117	24
84	204	24
42	130	24
3	206	24
19	243	24
41	79	24
8	62	24
35	241	24
14	233	24
83	152	24
20	110	24
3	67	24
40	228	24
6	46	24
130	241	24
107	188	24
11	35	24
209	214	24
18	140	24
18	155	24
4	179	24
80	237	24
21	64	24
42	47	24
4	88	24
12	233	24
140	200	24
31	97	24
13	239	24
3	72	24
87	209	24
32	230	24
58	201	24
12	228	24
15	218	24
3	58	24
4	57	24
40	77	24
20	230	24
4	64	24
6	90	24
7	224	24
56	217	24
45	101	24
70	200	24
12	220	25
101	108	25
33	93	25
50	227	25
22	215	25
76	108	25
29	124	25
10	20	25
63	90	25
185	230	25
211	237	25
12	231	25
9	234	25
18	72	25
23	243	25
5	195	25
17	60	25
34	76	25
6	66	25
132	157	25
40	209	25
45	49	25
59	221	25
80	242	25
27	51	25
12	66	25
9	103	25
201	208	25
40	226	25
43	83	25
1	56	25
24	118	25
5	152	25
33	130	25
23	30	25
6	230	25
26	245	25
99	241	25
24	163	25
24	140	25
100	204	25
5	90	25
139	241	25
56	201	25
30	84	25
5	124	25
6	109	25
73	234	25
9	218	25
11	233	25
10	22	25
11	115	25
103	236	25
11	130	25
28	107	25
3	195	25
52	53	25
204	226	25
62	237	25
32	115	25
14	103	25
59	136	25
28	132	25
31	42	25
19	204	25
20	140	25
204	211	25
7	137	25
32	40	25
51	223	25
31	52	25
29	230	25
28	96	25
0	208	25
3	115	25
36	88	25
20	70	25
3	152	25
64	217	25
78	84	25
32	100	25
49	69	25
174	210	25
60	118	25
3	144	25
91	157	25
19	118	25
48	70	25
108	221	25
27	223	25
25	33	25
21	79	25
32	237	25
10	136	25
7	61	25
4	48	25
156	201	25
19	31	25
2	225	25
14	245	25
2	206	25
101	228	25
77	130	25
31	136	25
78	80	25
19	70	25
42	109	25
4	10	25
228	241	25
28	185	25
47	242	25
19	60	25
13	232	25
20	236	25
62	215	25
58	64	25
43	200	26
63	144	26
16	31	26
89	204	26
200	233	26
112	161	26
36	136	26
29	223	26
6	41	26
16	21	26
26	86	26
14	28	26
24	90	26
1	60	26
0	166	26
93	96	26
91	107	26
76	223	26
88	202	26
7	44	26
76	237	26
30	53	26
24	233	26
185	231	26
132	221	26
113	201	26
88	205	26
13	32	26
91	230	26
145	212	26
30	46	26
15	66	26
79	201	26
0	131	26
157	185	26
42	60	26
77	209	26
34	226	26
89	96	26
6	139	26
59	205	26
8	59	26
88	230	26
80	204	26
41	59	26
88	103	26
88	108	26
80	136	26
8	93	26
83	113	26
26	93	26
38	112	26
34	39	26
5	105	26
21	242	26
3	159	26
4	70	26
100	101	26
23	34	26
48	217	26
46	83	26
232	241	26
5	58	26
3	224	26
19	214	26
20	94	26
32	146	26
22	232	26
100	228	26
18	110	26
11	41	26
204	209	26
22	209	26
28	30	26
2	65	26
59	76	26
19	80	26
61	186	26
19	52	26
40	76	26
110	132	26
11	64	26
2	92	26
9	220	26
51	80	26
64	103	26
20	226	26
51	88	26
12	64	26
209	215	26
53	216	26
17	93	26
97	103	26
201	225	26
107	203	26
11	43	26
96	215	26
23	215	26
64	108	27
28	33	27
131	138	27
185	234	27
28	205	27
19	33	27
13	45	27
22	69	27
14	199	27
27	242	27
13	36	27
19	47	27
35	242	27
14	232	27
25	101	27
25	77	27
29	215	27
14	224	27
14	174	27
157	236	27
25	214	27
26	53	27
2	124	27
3	98	27
36	91	27
26	61	27
11	66	27
20	60	27
2	105	27
21	225	27
66	107	27
54	185	27
157	223	27
42	84	27
107	108	27
77	140	27
59	77	27
64	241	27
2	144	27
7	138	27
64	216	27
78	227	27
107	118	27
26	76	27
107	121	27
83	137	27
8	100	27
3	85	27
107	133	27
88	204	27
25	34	27
47	101	27
0	61	27
8	244	27
60	185	27
1	46	27
24	157	27
88	96	27
29	62	27
27	100	27
97	236	27
6	130	27
59	101	27
43	63	27
17	204	27
12	35	27
15	105	27
9	64	27
90	200	27
97	146	27
15	224	27
43	116	27
59	108	27
9	66	27
87	223	27
9	163	27
45	96	27
63	139	27
12	103	27
16	245	27
87	117	27
51	93	27
5	159	27
6	233	27
42	231	27
70	96	27
216	223	27
185	233	27
39	42	27
42	174	27
33	69	27
46	216	27
94	200	27
4	105	27
146	201	27
12	234	27
4	223	27
50	237	27
130	185	27
108	236	27
100	209	27
92	201	27
101	188	27
41	61	27
83	234	27
11	118	28
167	217	28
12	118	28
58	71	28
85	241	28
40	221	28
29	39	28
89	205	28
88	101	28
62	205	28
12	230	28
13	121	28
27	112	28
233	241	28
9	46	28
38	226	28
234	241	28
121	237	28
12	157	28
0	156	28
11	226	28
88	100	28
78	214	28
226	241	28
59	60	28
52	101	28
0	58	28
8	161	28
62	73	28
0	74	28
21	87	28
7	234	28
100	221	28
60	63	28
6	236	28
200	218	28
63	236	28
63	94	28
6	163	28
18	188	28
138	241	28
24	232	28
201	218	28
22	110	28
42	159	28
4	62	28
7	35	28
33	209	28
97	241	28
15	144	28
16	136	28
53	217	28
16	96	28
5	158	28
17	137	28
200	236	28
5	137	28
34	41	28
73	226	28
24	91	28
96	146	28
63	130	28
23	78	28
73	110	28
34	227	28
22	62	28
42	140	28
59	223	28
203	243	28
3	166	28
22	59	28
32	73	28
36	76	28
19	211	28
64	96	28
14	118	28
57	174	28
42	62	28
0	239	28
49	199	28
3	48	28
67	72	28
36	46	28
19	112	28
22	47	28
217	245	28
107	232	28
22	52	28
2	224	28
26	35	28
91	103	28
25	185	28
17	39	29
73	174	29
46	48	29
5	224	29
49	215	29
21	112	29
107	129	29
2	103	29
214	242	29
39	205	29
84	205	29
32	132	29
29	36	29
18	229	29
22	101	29
39	73	29
39	96	29
4	100	29
202	244	29
50	144	29
10	73	29
18	199	29
33	62	29
39	40	29
109	185	29
167	216	29
10	243	29
30	227	29
83	139	29
5	61	29
33	144	29
5	70	29
72	219	29
3	208	29
18	203	29
16	26	29
136	227	29
93	132	29
93	107	29
27	76	29
93	101	29
25	29	29
42	161	29
0	115	29
7	65	29
62	136	29
12	245	29
77	90	29
41	103	29
35	220	29
7	94	29
77	101	29
7	105	29
25	243	29
26	78	29
89	211	29
26	77	29
61	97	29
91	108	29
0	206	29
24	231	29
14	66	29
36	73	29
30	31	29
26	38	29
26	33	29
14	109	29
51	210	29
7	163	29
93	202	29
76	157	29
30	62	29
43	245	29
43	241	29
188	202	29
24	76	29
87	200	29
61	125	29
87	201	29
63	137	29
34	211	29
80	209	29
27	32	29
24	221	29
15	137	29
29	108	29
200	220	29
6	245	29
9	44	29
6	231	29
12	163	29
26	227	29
50	59	29
15	90	29
34	93	30
52	136	30
54	110	30
45	107	30
61	146	30
29	227	30
59	215	30
49	129	30
32	60	30
29	109	30
133	209	30
46	58	30
57	205	30
59	100	30
30	216	30
36	59	30
47	136	30
46	117	30
29	112	30
33	136	30
34	244	30
32	157	30
42	118	30
53	105	30
1	69	30
73	88	30
11	245	30
15	146	30
4	23	30
15	163	30
27	33	30
7	139	30
137	241	30
140	185	30
23	185	30
103	200	30
202	211	30
26	216	30
83	144	30
23	73	30
87	146	30
2	218	30
26	39	30
117	136	30
124	201	30
26	118	30
14	64	30
1	114	30
21	31	30
210	243	30
62	209	30
5	117	30
4	56	30
80	100	30
2	234	30
13	114	30
18	124	30
27	236	30
5	234	30
8	66	30
69	73	30
25	78	30
18	135	30
100	205	30
76	241	30
25	47	30
18	69	30
12	44	30
88	97	30
20	25	30
2	64	30
204	214	30
15	109	30
80	243	30
27	60	30
209	223	30
105	201	30
73	227	31
21	243	31
22	32	31
1	108	31
136	211	31
31	36	31
15	234	31
200	232	31
4	47	31
34	210	31
1	116	31
133	185	31
63	231	31
30	80	31
15	92	31
4	36	31
140	221	31
11	53	31
63	220	31
185	223	31
30	100	31
38	69	31
9	41	31
4	188	31
21	237	31
88	136	31
12	139	31
11	232	31
9	245	31
17	242	31
41	241	31
50	112	31
94	241	31
66	200	31
8	16	31
18	43	31
49	57	31
19	100	31
18	54	31
83	97	31
46	105	31
83	236	31
32	209	31
18	95	31
69	77	31
5	43	31
91	97	31
11	133	31
112	204	31
32	61	31
0	146	31
200	225	31
47	59	31
12	133	31
7	220	31
7	225	31
38	237	31
31	223	31
8	203	31
40	243	31
46	223	31
64	200	31
17	38	31
73	161	31
4	244	31
17	62	31
1	65	31
34	60	31
32	51	31
17	112	31
50	242	31
107	174	31
0	87	31
3	109	31
62	107	31
4	28	31
27	47	31
38	54	31
36	132	31
230	241	31
14	226	31
14	54	31
2	43	31
26	100	31
77	202	31
42	114	31
77	144	31
10	42	31
29	236	31
14	60	31
13	199	31
30	38	31
78	244	31
27	215	32
34	77	32
26	202	32
50	69	32
83	230	32
7	124	32
18	231	32
21	33	32
34	91	32
5	44	32
3	111	32
13	59	32
73	215	32
45	185	32
39	50	32
16	53	32
18	226	32
6	97	32
189	200	32
18	220	32
21	229	32
32	245	32
91	185	32
54	73	32
42	226	32
46	96	32
29	130	32
20	23	32
62	96	32
40	214	32
5	65	32
13	28	32
78	203	32
8	84	32
32	101	32
29	54	32
44	63	32
129	185	32
33	243	32
5	225	32
204	210	32
20	76	32
105	167	32
34	36	32
19	40	32
46	200	32
65	201	32
38	101	32
83	231	32
36	117	32
4	245	32
0	56	32
32	135	32
30	36	32
33	34	32
121	200	32
2	139	32
23	85	32
73	244	32
83	220	32
4	82	32
15	231	32
38	77	32
63	232	32
15	232	32
24	108	32
4	161	32
26	50	32
76	91	32
59	204	33
61	217	33
130	226	33
26	205	33
23	26	33
20	133	33
32	59	33
24	226	33
26	242	33
79	87	33
20	93	33
12	97	33
53	83	33
3	65	33
35	46	33
12	53	33
2	159	33
18	89	33
39	185	33
19	32	33
201	224	33
18	28	33
27	50	33
5	229	33
49	59	33
11	57	33
33	101	33
2	232	33
185	215	33
42	77	33
12	137	33
223	236	33
16	19	33
63	234	33
5	218	33
11	129	33
16	49	33
3	217	33
7	43	33
201	229	33
30	237	33
11	199	33
14	133	33
12	226	33
0	79	34
237	243	34
14	230	34
14	129	34
15	140	34
12	76	34
209	243	34
5	109	34
20	47	34
57	132	34
27	78	34
22	227	34
32	148	34
52	205	34
28	49	34
1	231	34
4	209	34
7	131	34
46	136	34
10	78	34
100	244	34
136	244	34
9	97	34
47	78	34
26	88	34
15	103	34
0	85	34
32	103	34
3	61	34
19	39	34
11	60	34
202	209	34
34	97	34
202	227	34
202	214	34
36	49	34
11	103	34
101	237	34
34	221	34
1	57	34
96	100	34
63	228	34
136	209	34
85	201	34
23	25	34
36	97	34
26	40	34
21	39	34
12	121	34
21	88	34
6	60	34
7	216	34
20	77	34
20	54	34
21	76	34
2	220	34
3	137	34
9	121	34
108	185	35
97	108	35
15	220	35
17	25	35
152	201	35
14	110	35
6	226	35
5	146	35
2	35	35
9	231	35
18	157	35
34	228	35
14	45	35
73	211	35
2	46	35
9	118	35
14	130	35
2	216	35
97	214	35
5	140	35
97	128	35
41	97	35
35	200	35
200	226	35
3	140	35
14	236	35
79	209	35
107	244	35
136	161	35
157	226	35
9	140	35
84	96	35
39	49	35
50	93	35
59	62	35
63	118	35
101	231	35
26	117	35
32	136	35
21	38	35
220	241	35
27	36	35
26	91	35
26	80	35
40	100	35
0	65	35
30	32	35
6	54	35
25	209	35
101	227	35
25	205	35
25	73	35
0	168	35
29	100	35
20	108	35
63	230	35
107	114	35
100	229	35
4	217	35
59	73	35
204	242	35
40	114	35
30	210	35
63	223	35
52	96	35
27	209	35
63	157	35
21	221	35
114	132	35
31	96	36
15	216	36
17	44	36
76	185	36
4	89	36
20	221	36
6	157	36
22	100	36
9	53	36
22	80	36
43	81	36
1	215	36
83	118	36
73	203	36
200	245	36
5	139	36
3	105	36
21	77	36
30	47	36
83	130	36
42	97	36
44	83	36
8	214	36
21	23	36
63	133	36
42	89	36
25	96	36
45	132	36
19	62	36
3	70	36
36	146	36
6	121	36
7	109	36
29	80	36
50	137	36
133	241	36
27	108	36
91	241	36
12	41	36
69	185	36
13	69	36
69	132	36
2	44	36
19	202	36
33	137	36
0	70	36
15	221	36
129	237	36
14	203	36
6	232	36
0	225	36
73	100	36
33	38	37
103	118	37
9	230	37
25	26	37
5	220	37
2	233	37
7	90	37
91	236	37
25	27	37
40	50	37
5	135	37
9	130	37
5	216	37
52	132	37
15	44	37
140	241	37
78	161	37
3	229	37
200	230	37
29	210	37
110	185	37
144	201	37
26	98	37
214	243	37
96	97	37
42	100	37
26	204	37
3	233	37
14	215	37
18	216	37
6	76	37
163	200	37
64	201	37
21	100	37
46	81	37
34	47	37
18	230	37
19	29	37
8	209	37
43	201	37
0	218	37
133	200	37
18	105	37
6	223	37
41	108	37
185	236	37
130	200	37
38	136	37
7	229	37
20	39	37
12	60	37
22	88	37
114	241	37
73	89	37
19	101	37
11	110	37
15	233	37
185	228	37
132	232	37
96	203	37
83	228	38
12	221	38
26	112	38
49	84	38
25	50	38
33	90	38
20	228	38
231	241	38
78	188	38
101	242	38
49	88	38
201	216	38
1	53	38
53	200	38
17	209	38
14	97	38
59	209	38
27	30	38
57	107	38
13	215	38
15	46	38
36	96	38
32	236	38
15	133	38
6	228	38
63	163	38
23	205	38
6	110	38
29	47	38
28	47	38
7	159	38
7	140	38
7	146	38
21	97	38
73	214	38
15	139	38
11	54	38
47	243	38
21	41	38
29	32	38
51	237	38
21	25	38
185	226	38
144	241	38
2	66	38
3	232	38
136	237	38
27	202	38
24	45	38
62	132	39
9	233	39
107	161	39
26	146	39
29	110	39
46	146	39
200	228	39
37	81	39
50	204	39
241	245	39
8	77	39
2	130	39
60	83	39
83	91	39
3	124	39
29	88	39
218	241	39
200	231	39
12	91	39
18	45	39
42	244	39
49	52	39
136	210	39
24	199	39
4	220	39
136	214	39
5	87	39
4	32	39
31	132	39
2	163	39
4	216	39
24	54	39
11	140	39
1	88	39
0	144	39
15	245	39
53	241	39
20	210	39
49	62	39
15	53	39
7	232	39
80	107	39
19	223	39
29	209	39
29	226	39
66	83	39
29	228	39
20	52	39
32	96	39
32	76	39
29	242	39
26	47	39
2	151	39
30	33	39
11	28	39
11	230	39
226	228	39
10	96	39
185	203	40
84	107	40
83	157	40
40	88	40
83	163	40
59	132	40
38	204	40
40	101	40
11	69	40
2	118	40
201	234	40
46	245	40
8	89	40
19	51	40
121	241	40
8	33	40
19	27	40
16	185	40
201	239	40
17	22	40
69	107	40
3	66	40
88	223	40
7	46	40
5	35	40
18	217	40
24	215	40
24	110	40
21	80	40
24	36	40
29	214	40
88	130	40
93	185	40
36	209	40
50	209	40
54	200	40
0	113	40
6	140	40
36	185	40
26	237	40
36	42	40
26	221	40
0	229	40
62	185	40
1	245	40
64	136	40
41	200	41
3	226	41
33	78	41
103	201	41
6	108	41
163	241	41
49	100	41
42	59	41
24	31	41
60	96	41
2	137	41
1	39	41
112	242	41
118	241	41
29	91	41
78	209	41
36	107	41
80	101	41
91	159	41
21	202	41
53	56	41
46	52	41
83	224	41
0	92	41
1	129	41
83	223	41
26	31	41
51	243	41
96	223	41
17	101	41
17	124	41
46	241	41
30	40	41
8	112	41
5	66	41
21	78	41
26	46	41
17	215	41
3	218	42
52	105	42
78	237	42
63	226	42
3	225	42
24	69	42
132	188	42
7	53	42
47	202	42
10	202	42
2	157	42
129	132	42
27	243	42
2	140	42
50	90	42
0	234	42
202	237	42
107	223	42
42	230	42
41	87	42
7	66	42
15	130	42
9	226	42
15	121	42
88	91	42
76	200	42
77	78	42
14	221	42
14	93	42
2	41	42
78	210	42
157	200	42
22	54	42
2	245	42
34	88	42
51	124	42
22	27	42
20	229	42
20	161	42
0	224	42
49	89	42
32	185	42
83	90	42
5	232	42
9	236	42
1	32	42
12	54	42
18	48	42
7	64	42
42	112	43
83	245	43
7	233	43
205	227	43
7	218	43
188	243	43
40	211	43
9	228	43
28	50	43
40	78	43
13	93	43
13	133	43
78	211	43
14	25	43
101	209	43
14	84	43
223	241	43
3	189	43
4	46	43
0	151	43
0	152	43
0	159	43
76	88	43
15	230	43
202	210	43
16	30	43
5	94	43
17	23	43
21	60	43
44	241	43
22	50	43
139	201	43
11	174	43
161	202	43
26	243	43
96	227	43
27	237	43
38	51	43
51	204	44
42	108	44
221	241	44
46	217	44
34	237	44
3	139	44
93	205	44
33	51	44
34	215	44
17	42	44
34	214	44
33	42	44
15	97	44
40	51	44
89	210	44
16	132	44
61	245	44
41	96	44
20	33	44
174	205	44
20	91	44
103	108	44
63	91	44
15	60	44
63	76	44
4	27	44
0	64	44
63	140	44
38	78	44
3	117	44
201	220	44
14	140	44
96	188	44
12	57	44
35	201	44
21	214	44
31	107	44
5	163	44
14	157	44
132	215	45
57	185	45
18	221	45
114	200	45
205	211	45
24	133	45
20	31	45
64	135	45
7	121	45
29	93	45
4	210	45
24	32	45
20	62	45
3	220	45
27	214	45
52	185	45
103	223	45
112	214	45
44	200	45
14	69	45
88	236	45
14	36	45
9	60	45
9	57	45
45	52	45
1	216	45
13	62	45
35	52	45
110	241	45
14	188	45
6	114	45
34	112	45
36	87	45
216	217	45
59	91	45
6	91	45
40	136	45
83	233	45
12	114	45
17	27	45
100	132	45
23	96	46
101	204	46
83	221	46
26	103	46
26	97	46
29	59	46
5	230	46
105	217	46
3	130	46
29	76	46
96	237	46
7	118	46
13	39	46
80	96	46
5	245	46
185	188	46
53	82	46
3	163	46
22	26	46
3	216	46
112	243	46
1	36	46
18	61	46
33	202	46
1	31	46
18	211	46
73	93	46
42	228	46
112	136	46
42	209	46
97	200	46
5	121	46
32	91	46
5	130	46
88	107	46
7	230	46
15	118	46
76	83	46
21	50	46
15	64	46
4	214	46
0	140	46
2	229	46
8	242	46
16	20	46
96	210	47
3	94	47
6	45	47
54	241	47
77	205	47
110	200	47
64	97	47
14	52	47
21	40	47
11	84	47
20	244	47
11	114	47
11	188	47
118	200	47
83	121	47
32	88	47
18	236	47
59	107	47
18	77	47
18	35	47
1	59	47
13	129	47
11	221	47
63	221	47
83	226	47
29	69	47
7	103	47
7	231	47
26	64	47
26	218	47
3	44	47
47	185	48
32	46	48
83	108	48
19	215	48
11	236	48
2	133	48
27	59	48
18	159	48
42	223	48
57	200	48
12	199	48
51	101	48
34	100	48
34	108	48
16	105	48
136	146	48
34	223	48
50	136	48
13	52	48
34	242	48
1	199	48
32	41	48
24	121	48
63	121	48
9	45	48
0	105	48
30	209	48
22	243	48
2	236	48
200	221	48
8	215	48
47	73	48
88	132	48
42	210	48
2	231	48
0	139	48
9	110	48
54	63	48
10	14	48
9	133	48
21	204	48
188	205	48
21	47	48
3	90	48
9	223	48
31	63	48
14	76	49
109	201	49
77	107	49
35	216	49
22	114	49
20	112	49
4	51	49
22	30	49
24	28	49
0	137	49
24	114	49
22	39	49
27	174	49
1	43	49
47	51	49
18	39	49
18	76	49
18	218	49
34	209	49
4	237	49
42	157	49
38	96	49
37	43	49
8	10	49
12	223	49
78	112	49
8	54	49
38	50	49
7	245	49
9	232	49
9	157	49
2	230	49
38	110	49
185	239	49
130	157	49
8	110	50
2	97	50
3	43	50
12	31	50
18	161	50
3	236	50
19	59	50
26	29	50
32	107	50
20	89	50
11	97	50
21	36	50
11	45	50
42	236	50
3	103	50
94	201	50
19	209	50
52	107	50
45	63	50
0	43	50
59	185	50
0	41	50
1	174	50
14	108	50
38	42	50
107	110	50
16	46	50
3	231	50
3	35	51
11	157	51
0	216	51
5	233	51
20	227	51
14	223	51
12	129	51
130	228	51
6	221	51
2	226	51
36	64	51
208	209	51
6	215	51
29	30	51
137	201	51
6	69	51
51	136	51
16	107	51
136	223	51
42	50	51
26	30	51
13	84	51
201	245	51
15	129	51
12	88	51
38	40	51
73	210	51
2	121	51
60	241	51
33	107	51
73	112	51
46	97	51
2	90	51
7	41	52
42	103	52
23	50	52
60	214	52
107	214	52
27	101	52
24	52	52
24	93	52
26	215	52
63	69	52
205	210	52
14	39	52
6	174	52
157	201	52
13	100	52
97	201	52
15	35	52
91	223	52
50	243	52
16	22	52
132	161	52
2	94	52
12	174	52
3	157	52
18	53	52
18	52	52
3	121	52
9	114	52
9	199	52
21	136	52
3	110	52
18	133	52
0	220	52
83	133	52
32	108	52
11	228	52
32	214	52
18	244	52
96	161	52
32	64	52
0	124	53
129	200	53
2	53	53
11	215	53
101	243	53
21	218	53
15	41	53
32	34	53
32	42	53
20	214	53
5	231	53
20	88	53
73	242	53
19	30	53
15	57	53
69	241	53
15	76	53
9	54	53
15	91	53
34	59	53
140	201	53
145	245	53
31	32	53
22	38	53
26	51	53
8	47	53
27	29	53
11	93	53
7	133	53
7	226	53
25	107	53
163	201	53
42	227	53
63	108	53
100	185	53
12	69	53
13	16	54
13	88	54
14	114	54
59	96	54
13	203	54
15	69	54
7	69	54
40	80	54
14	16	54
9	221	54
7	45	54
9	91	54
14	91	54
18	33	54
1	89	54
29	78	54
27	42	54
29	136	54
26	73	54
26	49	54
46	201	54
61	64	54
30	50	54
42	214	54
24	62	54
24	84	54
185	221	54
21	51	54
18	118	54
18	93	54
6	57	54
139	200	54
9	76	55
29	51	55
185	209	55
15	199	55
34	38	55
14	62	55
30	214	55
18	245	55
161	185	55
21	215	55
132	174	55
24	59	55
26	62	55
11	203	55
17	78	55
7	110	55
201	232	55
42	76	55
205	244	55
6	28	55
6	199	55
130	201	55
4	26	55
0	163	56
19	42	56
21	108	56
23	49	56
3	53	56
49	174	56
14	31	56
22	51	56
201	230	56
51	202	56
49	93	56
8	25	56
8	38	56
8	101	56
5	236	56
118	201	56
27	204	56
0	94	56
17	19	56
202	204	56
101	112	56
15	228	56
15	236	56
29	237	56
13	161	56
26	60	56
4	38	56
0	35	56
7	54	57
14	23	57
36	108	57
16	24	57
18	210	57
17	30	57
42	242	57
17	243	57
12	52	57
2	76	57
3	230	57
9	28	57
26	214	57
9	69	57
26	101	57
46	186	57
0	103	57
32	63	57
5	53	57
205	214	57
7	199	57
97	223	57
12	45	57
35	45	57
201	226	57
5	226	57
20	223	57
5	97	58
24	188	58
44	201	58
51	78	58
47	209	58
201	233	58
15	157	58
78	204	58
2	60	58
7	57	58
185	244	58
3	79	58
9	129	58
108	241	58
12	215	58
54	107	58
77	96	58
6	36	59
6	31	59
69	200	59
90	241	59
107	199	59
42	91	59
32	36	59
19	73	59
202	242	59
66	201	59
20	38	59
20	50	59
49	188	59
4	204	59
40	204	59
107	227	59
7	129	59
204	237	59
7	97	59
3	146	59
50	101	59
11	108	59
21	205	59
21	30	59
8	69	59
3	133	59
12	108	59
17	91	59
91	200	59
26	142	59
13	25	59
41	46	59
83	232	60
5	157	60
8	39	60
38	205	60
12	16	60
30	220	60
15	114	60
80	132	60
20	36	60
8	211	60
204	243	60
1	100	60
14	161	60
63	110	60
34	62	60
17	20	60
26	87	60
4	112	60
7	130	60
53	201	60
96	209	60
3	228	61
9	31	61
132	214	61
62	101	61
26	185	61
63	233	61
96	108	61
36	63	61
12	36	61
18	25	61
18	47	61
3	245	61
17	136	61
31	241	61
1	93	61
49	227	61
0	232	61
205	237	62
34	50	62
17	59	62
1	84	62
3	76	62
15	174	62
8	210	62
88	226	62
27	205	62
6	93	62
0	44	62
30	244	62
47	96	62
11	25	62
21	133	62
21	42	62
201	236	62
5	46	62
13	23	62
47	107	62
20	59	62
129	241	62
9	108	62
185	211	62
136	242	62
1	163	62
108	223	63
107	112	63
77	132	63
129	210	63
14	59	63
3	114	63
16	18	63
5	54	63
8	26	63
34	51	63
20	32	63
10	107	63
40	202	63
161	205	63
9	93	63
33	205	63
20	80	63
36	41	63
3	46	63
1	227	63
1	44	63
47	205	63
21	223	63
2	110	63
46	64	64
205	209	64
10	205	64
0	230	64
84	132	64
10	11	64
57	241	64
42	211	64
5	41	64
63	129	64
22	29	64
8	23	64
3	69	64
40	96	64
40	89	64
3	54	64
132	203	64
33	73	64
0	233	64
185	227	64
26	79	64
49	211	64
11	76	64
2	114	64
101	136	64
29	40	64
4	40	64
4	211	64
4	77	64
22	210	65
18	88	65
33	96	65
19	22	65
36	83	65
77	185	65
12	110	65
42	51	65
41	201	65
29	77	65
11	52	65
24	39	65
18	227	65
34	101	65
89	132	65
199	241	65
27	96	65
25	132	65
1	62	65
45	241	65
18	38	65
157	228	65
3	118	65
7	28	65
18	117	66
112	202	66
15	226	66
25	49	66
60	201	66
20	215	66
88	185	66
13	57	66
24	25	66
6	32	66
6	39	66
27	34	66
13	188	66
11	91	66
105	216	66
5	133	66
45	200	66
24	161	66
2	228	66
3	97	66
96	101	66
17	21	66
4	21	66
5	110	66
133	201	67
26	42	67
6	16	67
18	80	67
77	137	67
73	80	67
3	221	67
11	59	67
5	64	67
19	205	67
0	245	67
34	204	67
15	110	67
73	101	67
21	101	67
14	32	67
7	236	67
60	200	67
9	174	67
11	62	67
201	228	67
4	33	67
5	129	67
26	209	67
18	23	67
5	69	68
9	36	68
34	243	68
11	39	68
32	83	68
112	132	68
5	79	68
17	29	68
5	114	68
73	77	68
7	174	68
42	80	68
83	129	69
6	62	69
0	97	69
51	185	69
23	24	69
96	211	69
174	185	69
7	114	69
88	241	69
14	227	69
107	242	69
27	73	69
201	223	69
7	60	69
96	244	69
5	76	69
23	132	69
21	22	69
27	62	69
21	32	69
20	242	70
174	200	70
6	129	70
2	91	70
29	204	70
20	209	70
201	231	70
45	83	70
13	244	70
15	215	70
36	103	70
27	136	70
36	223	70
96	214	70
39	132	70
8	27	70
49	214	71
18	60	71
18	100	71
49	77	71
12	28	71
14	244	71
4	17	71
7	84	71
63	215	71
78	242	71
100	107	71
31	83	71
83	199	71
24	100	71
15	31	71
8	204	71
19	185	71
0	118	71
9	52	71
51	77	71
40	210	71
31	200	71
132	227	71
0	226	71
212	245	71
4	242	72
12	84	72
11	227	72
20	51	72
29	243	72
51	205	72
11	77	72
6	89	72
121	201	72
3	64	72
0	53	72
38	73	72
27	107	72
132	244	72
9	32	72
76	236	72
15	28	72
107	209	72
15	108	72
17	202	72
32	241	72
57	63	72
51	91	73
22	204	73
26	136	73
19	34	73
12	89	73
12	32	73
34	136	73
2	69	73
12	39	73
7	221	73
12	62	73
7	188	73
30	161	73
30	45	73
20	237	73
30	204	73
13	214	73
200	223	73
21	27	73
13	26	73
174	241	73
5	28	73
50	202	73
63	114	73
17	73	74
21	62	74
101	214	74
18	215	74
26	107	74
78	101	74
13	227	74
18	50	74
11	161	74
11	36	74
36	241	74
5	221	74
38	202	74
6	188	74
8	34	74
199	200	74
0	231	74
8	21	74
9	203	74
47	132	74
0	90	74
9	188	75
14	89	75
3	129	75
14	112	75
57	83	75
80	202	75
69	83	75
6	59	75
15	84	75
19	136	75
4	19	75
90	201	75
11	23	75
89	185	75
46	128	75
0	46	75
33	47	76
9	215	76
50	51	76
14	47	76
63	199	76
20	101	76
13	77	76
0	121	76
2	129	76
16	63	76
2	221	76
2	54	76
0	130	76
91	201	76
18	146	76
41	136	77
83	110	77
33	185	77
14	77	77
49	244	77
20	211	77
4	29	77
31	53	77
5	228	77
22	78	77
2	45	77
201	221	77
14	228	77
12	93	77
12	203	77
2	109	77
136	204	77
11	31	77
0	133	78
63	84	78
4	53	78
15	188	78
88	200	78
29	101	78
14	214	78
1	35	78
23	199	78
30	34	78
11	223	78
203	205	78
0	60	78
12	188	78
18	91	78
11	16	78
24	203	78
30	188	78
101	107	78
27	185	78
17	26	78
17	34	79
76	201	79
15	16	79
29	38	79
23	107	79
2	31	79
7	228	79
26	59	79
63	88	79
49	161	79
6	84	79
84	200	79
7	91	79
11	214	79
47	77	79
49	203	79
15	54	79
28	63	80
0	109	80
17	28	80
73	209	80
21	73	80
7	76	80
15	223	80
26	132	80
38	185	80
9	16	80
30	112	80
63	93	80
0	236	80
54	83	80
33	132	80
6	203	80
6	88	80
7	157	80
9	62	80
5	60	80
2	57	80
83	93	80
3	57	80
1	203	81
15	36	81
24	227	81
6	52	81
15	52	81
24	244	81
52	200	81
83	188	81
18	97	81
14	209	81
52	63	81
5	45	81
200	215	81
24	129	81
12	59	81
18	62	81
7	31	81
24	88	81
9	25	81
28	200	81
29	34	81
5	91	82
62	83	82
7	203	82
5	57	82
11	89	82
6	25	82
11	47	82
21	29	82
5	174	82
88	157	83
107	215	83
22	34	83
1	25	83
26	32	83
29	33	83
26	41	83
59	63	83
22	202	83
63	188	84
1	80	84
34	40	84
10	132	84
8	30	84
28	83	84
16	200	84
11	244	84
8	17	84
63	174	84
2	223	84
12	100	85
51	59	85
62	241	85
19	96	85
14	33	85
185	214	85
19	50	85
73	237	85
39	200	85
8	237	85
89	241	85
7	52	85
15	62	85
36	79	86
15	203	86
0	157	86
18	31	86
114	201	86
136	202	86
18	40	86
1	211	86
34	78	86
8	19	86
83	114	86
2	108	87
11	112	87
8	50	87
12	161	87
84	241	87
89	200	87
7	39	87
96	204	87
29	96	87
36	200	87
40	205	87
24	214	87
132	209	87
39	215	87
49	210	87
1	220	87
22	136	87
15	45	88
30	202	88
38	132	88
12	227	88
54	201	88
5	85	88
8	51	88
15	89	88
13	80	88
93	209	88
9	39	88
21	185	88
30	35	89
83	174	89
18	59	89
3	174	89
30	52	89
30	101	89
13	47	89
12	92	89
2	28	89
2	199	89
19	49	89
51	73	89
18	103	89
110	201	89
8	40	89
14	100	89
5	84	89
6	227	89
18	237	89
33	49	90
5	31	90
10	49	90
2	84	90
0	221	90
3	60	90
19	78	90
13	209	90
14	19	90
5	93	90
7	16	90
0	76	91
29	205	91
83	215	91
3	87	91
17	185	91
0	66	91
42	101	91
9	161	91
23	47	91
12	80	92
3	45	92
14	80	92
215	241	92
2	36	92
20	40	92
11	209	92
9	100	92
40	237	92
5	203	92
59	83	92
6	100	92
200	203	92
11	33	93
24	209	93
17	51	93
59	241	93
15	39	93
7	108	93
13	38	93
14	88	93
10	185	93
4	16	93
93	200	93
3	41	93
32	200	93
7	93	94
15	93	94
108	200	94
69	201	94
4	101	94
60	112	94
11	88	94
1	10	94
4	34	94
31	201	94
13	27	94
107	210	94
18	46	94
185	210	94
8	243	94
40	42	95
7	36	95
52	241	95
32	223	95
62	63	95
24	26	95
24	80	95
2	215	95
108	201	95
2	174	95
38	49	96
1	23	96
63	227	96
42	237	96
42	243	96
15	59	96
20	243	96
19	26	96
63	89	96
5	199	97
46	61	97
47	49	97
7	89	97
64	117	97
49	51	97
29	50	97
15	32	97
210	237	97
30	42	97
83	203	98
18	242	98
51	96	98
27	98	98
9	59	98
20	27	98
17	33	98
3	199	98
20	204	98
3	91	99
11	100	99
3	84	99
21	96	99
2	39	99
21	49	99
89	107	99
42	202	99
49	209	99
11	80	100
49	237	100
13	112	100
29	42	101
13	51	101
27	49	101
20	26	101
8	29	101
24	112	101
22	237	101
15	161	101
188	200	101
100	200	101
3	31	101
26	223	101
5	223	102
9	227	102
93	241	102
28	241	102
18	51	102
7	215	102
88	228	102
101	132	102
112	205	102
21	59	102
112	185	102
2	93	102
12	244	102
73	204	103
2	203	103
8	227	103
83	161	103
42	88	103
0	69	103
18	87	103
41	64	103
18	29	104
0	223	104
11	210	104
13	211	104
7	223	104
83	84	104
63	214	104
40	73	104
129	201	104
15	100	104
14	210	104
15	88	104
136	243	104
52	83	105
5	188	105
0	228	105
29	202	105
83	88	105
63	161	105
50	107	105
20	30	105
9	88	106
63	203	106
20	29	106
63	244	106
13	19	106
6	80	106
9	89	106
0	114	107
12	25	107
4	31	107
62	200	107
9	214	107
9	80	107
26	27	107
1	45	107
22	73	107
20	78	107
30	136	107
24	47	108
89	237	108
11	32	108
15	25	108
27	132	108
41	117	108
19	21	108
13	174	108
100	241	108
5	39	108
38	107	108
14	38	108
3	93	108
6	161	109
6	23	109
4	243	109
7	161	109
1	26	109
9	244	109
10	12	109
20	202	109
6	214	109
18	214	110
185	237	110
0	129	110
1	16	110
25	63	110
13	21	110
15	227	110
202	243	111
9	23	111
13	89	111
17	205	111
45	201	111
2	188	111
1	38	112
185	242	112
1	214	112
36	201	112
24	77	112
5	25	112
9	10	112
4	42	112
21	107	112
205	242	113
80	205	113
3	203	113
18	202	113
63	100	113
15	80	113
1	21	113
17	77	113
22	205	113
39	241	113
18	64	113
18	204	114
2	52	114
42	136	114
101	202	114
1	210	114
14	26	114
14	27	114
17	107	115
96	242	115
1	28	115
78	202	115
3	28	115
11	38	115
15	244	115
73	243	115
3	89	115
50	96	116
5	52	116
21	132	116
30	78	116
78	136	117
39	63	117
203	241	117
24	38	117
30	73	117
8	202	117
83	244	117
1	77	117
5	215	117
18	101	118
83	214	118
18	70	118
2	88	118
22	89	118
3	215	118
19	107	118
51	132	118
200	227	119
20	136	119
84	201	119
15	23	119
3	88	119
1	237	119
0	110	119
17	96	119
64	223	119
6	10	119
17	132	120
80	83	120
5	108	120
0	91	120
42	78	120
2	59	120
57	201	121
201	215	121
83	100	121
19	24	121
12	23	121
7	23	121
91	124	121
80	241	121
7	244	121
3	39	121
117	223	121
2	32	121
24	211	122
10	15	122
8	136	122
21	24	122
29	73	122
50	185	123
51	107	123
204	205	123
7	10	123
16	241	123
2	16	123
2	89	123
14	17	123
14	101	123
19	132	123
7	32	123
47	50	123
32	201	123
34	42	123
9	77	124
39	107	124
0	45	124
7	25	124
5	32	124
227	241	124
161	241	124
18	41	125
22	96	125
26	96	125
49	112	125
6	244	125
14	21	125
29	185	125
18	27	125
6	26	126
50	205	126
0	84	126
6	77	126
5	103	126
33	77	126
50	78	126
0	174	127
107	204	127
2	25	127
96	202	127
6	38	127
3	188	127
26	63	127
161	200	128
241	244	128
59	200	128
161	244	129
0	108	129
11	26	129
132	242	129
7	62	129
26	34	129
16	83	129
5	59	129
200	244	129
4	202	129
8	42	130
6	47	130
5	62	130
78	243	130
0	57	130
25	200	130
10	200	130
132	210	130
199	201	130
17	18	130
9	47	131
5	16	131
34	202	131
19	20	131
13	101	131
21	93	131
1	209	131
5	161	132
6	19	132
107	211	132
29	107	132
24	57	132
41	223	132
0	31	132
1	27	132
83	227	133
2	161	133
107	237	133
24	27	133
117	146	133
13	33	134
26	36	134
12	211	134
0	93	134
14	242	134
40	49	134
20	21	135
4	52	135
18	22	135
11	19	135
9	209	135
80	200	135
18	209	136
188	241	136
30	107	136
10	63	136
9	84	136
22	40	137
17	49	137
3	32	137
5	244	137
14	51	137
4	35	137
6	209	137
7	100	137
12	214	137
64	146	138
0	54	138
25	83	138
59	201	138
73	136	138
63	80	138
41	146	138
28	44	138
22	185	138
34	96	138
1	161	139
0	36	139
42	73	139
3	36	139
1	47	139
11	27	140
13	242	140
3	52	140
18	223	141
1	40	141
1	244	141
50	73	141
18	32	141
107	243	142
18	78	142
49	80	142
3	100	142
6	211	142
174	201	142
30	242	142
5	227	142
7	227	142
29	132	143
23	200	143
3	223	143
80	185	143
29	49	143
39	201	143
24	51	143
32	97	144
9	33	144
13	204	144
7	77	144
1	51	144
96	112	144
11	101	144
34	107	145
5	89	145
5	100	146
1	33	146
88	201	146
7	59	146
12	210	147
12	209	147
6	33	147
24	101	148
93	201	148
101	185	148
15	214	148
1	19	148
0	28	148
0	203	148
22	42	148
3	227	149
39	83	149
63	112	150
14	50	150
3	10	150
28	201	150
25	241	150
5	10	151
23	63	151
73	202	151
24	174	151
1	52	151
2	10	152
18	243	152
214	241	152
50	132	152
13	17	152
12	47	152
18	79	152
5	23	152
5	77	153
200	211	153
12	77	154
63	77	154
10	241	154
12	237	154
3	62	155
3	161	155
20	73	155
4	73	156
101	205	156
9	112	156
7	47	156
77	200	156
0	215	156
2	23	156
4	136	157
18	112	158
12	27	158
13	29	158
11	21	158
22	211	158
15	47	158
8	20	159
15	211	159
7	210	159
12	33	159
5	118	159
5	36	160
12	26	160
62	201	160
0	199	160
34	73	160
15	210	161
9	26	161
6	21	161
49	242	161
188	201	161
2	62	161
201	203	162
22	49	162
15	209	162
20	100	162
3	25	163
15	77	163
107	202	163
26	83	163
3	108	163
8	185	163
3	16	163
77	83	164
5	88	164
0	59	164
42	96	164
3	80	165
21	34	165
30	96	165
7	214	165
24	242	166
24	33	166
20	34	166
14	211	166
49	204	166
2	227	166
210	241	167
100	201	167
73	78	167
8	96	167
6	210	167
2	244	168
52	201	168
13	237	168
132	237	168
10	24	168
185	243	169
5	47	169
132	211	169
14	237	169
40	185	169
5	214	169
136	185	169
18	73	170
200	210	170
83	89	170
4	50	170
6	51	170
0	32	170
12	38	171
11	50	172
11	211	172
4	8	172
63	209	172
0	39	172
6	112	172
13	210	172
200	209	173
49	50	173
7	211	173
0	62	173
16	201	173
20	42	174
11	17	174
14	204	174
11	51	174
11	242	174
185	204	175
3	244	175
0	188	175
17	50	175
4	22	175
63	211	176
12	19	176
4	78	176
15	26	176
211	241	176
38	200	177
8	78	177
12	21	177
83	209	178
10	83	178
4	20	178
18	42	179
3	23	179
49	101	179
12	40	179
2	211	179
9	210	180
7	33	181
9	38	182
18	19	182
19	63	182
40	132	182
161	201	182
11	237	182
1	204	183
20	96	183
63	210	183
23	83	184
200	214	184
15	27	185
201	227	185
47	200	185
21	63	186
237	241	186
33	50	186
15	19	186
20	205	186
15	33	187
201	244	187
7	80	188
33	200	188
146	223	188
1	112	188
24	204	189
47	63	189
8	73	189
14	30	190
89	201	190
83	112	190
9	27	190
25	201	190
2	80	190
18	136	191
30	243	191
7	38	191
2	100	192
214	231	192
13	40	192
40	107	192
5	210	193
2	47	193
23	241	193
200	237	194
242	244	194
17	24	194
0	161	195
15	112	195
14	40	195
15	38	195
1	29	196
6	237	196
6	101	196
24	29	197
11	40	197
27	63	197
2	38	198
15	21	198
0	25	198
2	214	198
18	34	199
8	22	199
2	77	199
7	209	199
20	185	200
2	210	200
9	19	200
0	52	201
9	17	201
96	136	202
12	101	202
8	18	202
9	237	202
47	83	202
10	13	202
4	185	202
7	88	202
14	34	203
0	244	203
26	241	203
3	210	204
8	205	204
30	132	205
40	241	205
9	21	205
33	83	206
38	241	206
15	237	206
1	188	206
3	59	206
24	89	206
107	136	206
243	244	206
11	29	206
34	132	207
42	205	207
0	88	208
7	112	208
0	100	209
9	211	209
2	209	209
11	204	209
6	27	210
63	101	211
33	63	211
6	40	211
18	30	212
42	204	212
3	77	212
96	243	213
5	112	214
30	205	214
34	205	215
6	17	215
136	205	216
42	107	216
9	242	216
5	33	217
14	202	217
12	242	218
205	243	218
9	51	219
3	211	219
9	101	219
27	241	220
50	77	220
12	112	220
0	89	221
18	205	221
77	241	223
112	241	223
73	96	224
7	237	225
34	80	225
14	136	226
5	80	226
161	242	226
4	205	226
63	237	226
83	101	227
5	211	228
11	30	228
1	101	229
13	50	229
15	40	230
3	38	230
21	26	230
27	83	232
132	202	232
161	243	232
1	17	232
5	209	233
5	38	234
23	201	234
19	83	235
18	185	235
0	227	236
201	214	237
4	45	237
40	200	238
78	185	239
0	16	239
14	29	240
9	29	240
21	241	241
38	63	241
2	112	241
12	204	242
0	10	242
15	242	242
12	29	243
51	63	243
20	49	244
209	241	244
7	242	245
3	214	246
24	40	246
47	241	248
15	101	248
3	237	248
11	34	249
4	18	250
38	83	251
2	237	251
5	237	252
13	30	253
13	34	254
12	17	255
83	210	256
7	27	256
7	40	256
5	27	257
6	29	257
21	200	257
0	23	257
2	26	258
19	200	258
42	49	258
27	200	258
132	243	259
51	241	259
30	185	260
0	214	261
10	201	261
11	202	261
7	51	261
21	83	262
2	51	262
14	243	263
63	204	263
34	185	264
5	51	264
33	241	264
4	96	264
3	47	264
9	40	265
63	242	265
26	200	265
83	242	266
26	201	267
3	33	268
204	241	269
18	108	269
12	51	270
200	204	270
14	78	272
1	22	273
7	19	273
18	21	273
2	19	273
15	204	275
185	202	275
7	101	275
24	210	276
15	29	277
20	22	278
24	34	279
78	107	279
78	205	279
49	136	280
34	49	280
101	200	281
29	63	282
13	136	282
9	50	282
6	242	283
51	83	283
7	26	285
17	47	285
15	17	285
51	200	285
83	237	286
201	211	286
1	34	286
30	49	287
1	42	288
2	27	288
17	63	290
2	204	290
24	50	290
13	243	290
0	77	292
5	19	294
96	107	295
24	30	296
7	29	297
7	17	297
5	101	297
73	185	297
73	107	300
3	40	301
77	201	301
12	34	302
14	73	302
11	136	303
49	243	303
201	210	304
132	204	304
18	36	305
96	185	305
13	202	305
6	34	305
1	50	306
15	51	306
8	14	307
18	20	307
107	185	307
201	209	307
3	209	307
6	50	308
101	241	309
13	22	310
2	40	310
17	200	311
132	136	311
8	49	311
13	42	312
5	17	312
4	49	313
2	101	314
29	200	314
42	185	314
13	18	315
2	21	317
5	29	319
200	242	319
26	108	320
24	237	320
0	211	323
112	201	324
17	83	324
29	241	325
18	132	326
7	50	326
0	210	327
5	242	328
14	18	329
3	101	329
241	242	330
21	209	330
0	209	330
5	26	330
40	63	331
4	30	332
24	243	332
18	49	332
18	107	332
13	20	335
14	42	335
78	96	337
2	242	337
3	51	339
11	243	341
3	19	341
20	107	342
96	205	342
201	237	342
24	136	343
38	201	344
73	205	344
0	47	344
29	83	345
20	132	346
24	202	346
7	204	346
2	17	348
3	27	349
5	204	349
5	40	350
9	34	351
19	201	351
7	21	352
1	242	354
73	132	354
40	83	354
107	205	354
3	204	354
27	201	355
0	80	356
80	201	356
24	42	357
12	202	358
12	22	358
0	237	359
22	24	360
47	201	360
4	14	361
4	107	362
14	185	364
2	33	365
20	24	365
18	96	366
0	26	368
5	50	369
0	112	370
2	29	371
78	132	371
9	30	372
112	200	372
15	34	373
6	30	373
14	205	373
50	200	374
12	42	374
5	21	374
202	205	375
14	96	376
22	132	378
11	73	382
1	20	383
21	201	383
11	78	383
83	211	384
3	242	385
11	42	386
34	63	389
9	202	395
4	132	396
0	38	396
7	30	397
17	241	398
33	201	398
12	30	400
15	202	400
0	19	400
0	33	400
7	202	401
3	29	402
83	204	403
49	78	404
22	107	405
6	204	407
1	202	407
51	201	407
50	63	408
6	202	410
0	27	410
34	83	412
1	136	414
8	13	414
34	241	415
34	200	417
6	22	422
15	22	425
50	83	425
18	24	426
12	136	427
9	243	427
8	11	428
4	13	432
15	50	433
19	241	435
12	50	436
30	83	437
13	73	438
13	78	440
22	200	440
201	204	441
42	63	442
15	30	444
7	22	446
201	242	448
0	51	450
15	42	452
42	200	453
11	185	459
3	26	460
12	243	461
3	21	463
30	63	466
132	185	466
0	204	467
63	202	468
15	136	468
132	205	470
2	50	471
11	18	473
22	241	474
22	63	474
1	73	475
7	243	476
0	21	476
3	112	476
49	96	478
9	204	479
8	24	481
42	241	482
24	78	482
3	17	482
12	20	484
42	132	484
14	49	484
0	40	487
24	73	490
0	242	490
6	20	493
15	243	494
5	30	494
30	200	494
1	8	495
49	107	497
101	201	500
96	132	501
8	132	503
29	201	504
49	202	507
202	241	507
16	52	508
200	202	508
11	205	511
4	11	512
83	202	512
242	243	512
63	136	517
6	73	518
4	24	520
2	34	522
6	42	524
14	20	524
9	136	524
13	96	530
40	201	530
11	96	531
9	22	536
1	18	538
5	202	538
7	34	538
3	50	539
9	73	539
6	8	541
83	243	548
63	243	549
12	73	551
15	20	553
2	22	554
2	202	556
6	78	557
20	63	558
3	34	563
17	201	563
136	200	564
7	136	565
0	101	565
8	107	567
9	20	568
6	18	571
7	8	574
2	30	581
14	107	584
0	17	584
2	42	585
185	205	589
3	22	592
6	243	593
3	42	594
15	73	598
0	29	601
83	136	604
30	241	608
7	78	609
9	18	609
136	241	610
7	20	611
12	185	616
9	78	617
7	42	620
20	241	620
49	73	620
3	202	623
73	200	626
2	136	629
20	200	634
18	63	635
8	9	636
12	78	638
5	136	642
200	243	642
7	73	643
18	26	645
5	22	648
1	78	649
5	243	651
1	243	652
49	132	652
3	30	655
24	96	656
4	9	657
4	7	667
15	78	676
5	34	683
42	83	685
9	42	687
11	49	687
12	18	688
2	243	691
13	205	697
63	73	698
73	83	701
8	12	703
15	18	708
241	243	715
49	185	719
6	185	722
15	185	722
14	22	723
13	14	726
4	12	732
8	15	735
78	200	739
9	96	744
63	78	744
18	83	744
9	185	748
5	42	751
2	8	753
4	6	754
50	241	756
185	200	758
5	8	762
6	136	764
8	63	765
20	83	766
2	73	768
8	200	769
14	132	769
24	205	774
107	132	774
5	73	775
5	78	778
5	20	779
13	107	779
1	30	786
1	4	789
1	96	791
11	20	795
3	243	796
3	136	802
1	185	809
1	107	813
22	201	813
7	18	818
1	14	819
3	20	826
2	78	829
0	50	829
18	241	829
30	201	830
7	185	832
9	205	832
42	201	833
50	201	836
12	96	839
11	107	839
6	96	840
4	63	843
78	83	846
63	185	851
3	73	852
11	22	854
14	24	854
73	241	856
0	30	857
12	205	860
24	107	861
6	205	864
63	96	870
7	96	885
22	83	892
4	200	892
7	205	893
13	185	901
15	96	904
201	243	907
4	15	913
83	185	919
8	241	921
2	18	921
1	205	922
15	205	922
3	8	930
136	201	934
0	42	944
0	22	945
5	18	946
185	241	952
18	200	952
3	78	957
4	83	958
24	185	960
0	202	964
11	13	972
6	107	974
0	243	976
13	132	982
2	20	982
13	49	990
11	132	1007
83	96	1008
201	202	1010
34	201	1015
7	107	1017
0	34	1031
200	205	1033
24	49	1036
20	201	1041
12	14	1047
0	136	1073
1	132	1074
83	205	1075
96	200	1077
96	241	1078
4	5	1078
63	205	1080
3	185	1084
5	185	1091
5	96	1095
8	83	1107
2	96	1115
12	107	1117
4	241	1120
9	14	1121
2	4	1131
11	24	1133
9	49	1135
2	185	1138
14	15	1146
14	63	1159
1	11	1172
5	205	1172
9	107	1186
6	49	1190
12	132	1193
18	201	1194
24	132	1197
0	20	1205
12	49	1215
15	107	1227
8	201	1229
7	14	1239
2	205	1241
78	201	1247
0	73	1250
0	78	1251
6	14	1251
107	200	1252
7	49	1254
1	49	1255
78	241	1256
205	241	1269
14	200	1273
3	4	1289
15	49	1302
14	241	1303
0	8	1306
73	201	1324
3	205	1341
12	13	1342
15	132	1342
11	12	1350
0	18	1372
1	13	1385
3	18	1387
49	205	1401
7	13	1411
132	200	1430
5	107	1439
49	200	1444
2	107	1445
9	13	1465
6	13	1466
7	132	1472
13	15	1475
96	201	1491
1	24	1500
5	14	1502
11	15	1509
49	83	1511
12	24	1526
107	241	1533
49	63	1533
9	11	1536
63	132	1575
2	14	1582
6	132	1586
0	96	1594
63	107	1603
14	83	1616
5	49	1625
3	14	1626
13	200	1638
7	11	1646
4	201	1652
3	107	1665
7	24	1679
11	63	1682
6	24	1688
9	24	1693
0	185	1698
6	11	1709
15	24	1712
2	49	1719
11	200	1722
2	132	1723
132	241	1769
13	63	1789
185	201	1797
49	241	1819
24	200	1827
0	4	1832
5	132	1841
11	241	1860
13	24	1861
1	7	1885
1	9	1914
3	96	1915
3	49	1917
14	201	1970
3	132	1981
83	107	2015
9	12	2019
1	6	2020
5	13	2021
5	11	2023
0	205	2032
13	241	2046
9	132	2052
7	12	2061
1	12	2076
6	12	2077
11	14	2091
13	83	2132
24	63	2166
1	15	2188
2	11	2198
201	205	2206
2	13	2220
9	15	2253
6	15	2257
0	14	2261
3	13	2299
3	11	2308
11	83	2310
24	241	2317
5	24	2319
7	15	2348
107	201	2365
9	200	2417
1	63	2440
24	83	2516
2	24	2524
7	9	2550
1	200	2579
3	24	2583
7	63	2592
9	63	2593
132	201	2598
0	107	2611
12	63	2623
6	63	2624
1	5	2629
7	200	2656
83	132	2671
6	7	2683
1	83	2691
6	9	2705
6	200	2745
5	12	2758
0	132	2778
11	201	2808
0	49	2813
15	63	2863
2	9	2863
9	241	2934
2	12	2938
1	2	2974
12	83	2999
7	241	3016
63	200	3035
5	6	3041
6	241	3052
5	9	3056
5	15	3082
49	201	3085
2	15	3136
0	11	3163
7	83	3230
1	241	3266
15	83	3274
0	13	3283
2	6	3290
6	83	3291
2	7	3295
3	9	3310
13	201	3350
12	241	3495
83	200	3533
5	200	3536
1	3	3542
5	63	3560
15	200	3575
15	241	3581
12	200	3694
3	6	3757
2	63	3762
0	24	3775
3	7	3798
9	83	3820
24	201	3821
2	200	3898
200	241	4018
3	12	4054
63	241	4058
5	241	4086
63	83	4088
5	7	4121
2	83	4125
3	15	4284
5	83	4305
3	63	4319
2	5	4376
9	201	4408
83	241	4430
1	201	4448
6	201	4451
12	15	4483
2	241	4585
0	1	4615
12	201	4642
7	201	4712
0	9	4819
0	12	4822
3	83	4915
15	201	4926
0	6	4958
3	5	4978
0	15	5190
3	200	5486
200	201	5546
3	241	5557
0	7	5577
2	3	5676
0	200	6076
63	201	6391
0	63	6473
5	201	6734
83	201	6861
2	201	6870
201	241	7211
0	241	7365
0	83	7483
0	2	7539
3	201	8007
0	5	8080
0	3	9018
0	201	13580
